from_station,to_station,distance_km,daily_train_count,from_in_rajasthan,to_in_rajasthan
AAS,BNO,17.0,2,1,1
AAS,PPR,15.0,2,1,1
ABR,JWB,82.0,14,1,1
ABR,PNU,53.0,110,1,0
ABR,FA,98.0,44,1,1
ABR,PDWA,43.0,36,1,0
ABR,SRPJ,26.0,4,1,1
ABR,MJ,165.0,12,1,1
ABR,ADI,186.0,2,1,0
ABR,JU,269.0,2,1,1
ABR,MSH,117.0,2,1,0
ABR,AII,305.0,2,1,1
ABS,SGNR,53.0,12,0,1
ABS,PJK,14.0,2,0,1
ADR,KBKN,11.0,2,0,1
AED,RBS,5.0,2,0,1
AF,SWM,226.0,4,0,1
AF,GGC,161.0,6,0,1
AF,BXN,85.0,15,0,1
AF,BKI,151.0,2,0,1
AF,KOTA,333.0,3,0,1
AF,BTE,53.0,2,0,1
AGC,BXN,85.0,2,0,1
AGC,GGC,162.0,2,0,1
AH,BTE,28.0,35,0,1
AIA,HSI,12.0,2,1,1
AIA,BWL,12.0,2,1,0
AIA,MJNL,6.0,2,1,1
AIA,KNAR,6.0,2,1,1
AII,KSG,25.0,108,1,1
AII,DOZ,7.0,5,1,1
AII,HTD,10.0,2,1,1
AII,JP,135.0,28,1,1
AII,FA,206.0,6,1,1
AII,NSD,23.0,31,1,1
AII,BER,52.0,53,1,1
AII,BJNR,65.0,10,1,1
AII,FL,80.0,8,1,1
AII,MJ,139.0,5,1,1
AII,BHL,132.0,18,1,1
AII,MDJN,7.0,5,1,1
AII,RANI,191.0,2,1,1
AMLI,RWJ,8.0,4,1,1
AMLI,IDG,13.0,4,1,1
AMPR,RMH,8.0,1,1,1
AMPR,PGK,7.0,1,1,1
APA,SEU,8.0,1,1,1
APA,BER,6.0,1,1,1
AQG,RDRA,8.0,2,1,1
AQG,JSM,102.0,2,1,1
AQG,POK,4.0,1,1,1
AQG,OCH,17.0,1,1,1
ARNA,KVGM,5.0,2,1,1
ARNA,BKI,6.0,2,1,1
AS,MHJ,15.0,7,1,1
AS,SOG,47.0,4,1,1
AS,RJS,16.0,3,1,1
ATH,BAZ,21.0,8,1,1
ATH,KOTA,45.0,6,1,1
ATH,DXD,29.0,2,1,1
ATRU,CAG,29.0,2,1,1
ATRU,BAZ,30.0,6,1,1
ATRU,SYL,14.0,4,1,1
ATRU,POR,7.0,1,1,1
ATRU,RTA,69.0,1,1,0
AUN,HNS,7.0,3,1,0
AUN,JKZ,3.0,3,1,0
AUS,TSD,19.0,4,1,1
AUS,SDMK,10.0,4,1,1
AWR,RE,74.0,31,1,0
AWR,BKI,61.0,26,1,1
AWR,KRH,27.0,33,1,1
AWR,JP,150.0,16,1,1
AWR,GVH,46.0,4,1,1
AWR,RHG,36.0,18,1,1
AWR,DEC,142.0,4,1,0
AWR,DO,90.0,10,1,1
AWR,GGN,125.0,2,1,0
AWR,MKH,19.0,4,1,1
AWR,MWW,11.0,2,1,1
AWR,PSL,13.0,4,1,1
AWR,GZKA,8.0,2,1,1
AWR,RAH,26.0,2,1,1
AWR,GADJ,145.0,2,1,1
BAF,SIRD,18.0,1,1,1
BAF,MAAR,22.0,1,1,1
BAH,MITA,7.0,2,0,1
BAI,KUT,9.0,2,1,1
BAI,JHIR,7.0,2,1,1
BAK,DO,11.0,2,1,1
BAK,KVGM,7.0,2,1,1
BAMA,BXN,4.0,2,1,1
BAMA,BR,5.0,2,1,1
BANE,LUNI,25.0,4,1,1
BANE,JU,6.0,2,1,1
BANE,BGKT,4.0,2,1,1
BAR,HP,11.0,1,1,1
BAR,SEU,9.0,1,1,1
BAZ,GUNA,118.0,12,1,0
BAZ,KOTA,67.0,16,1,1
BAZ,CAG,59.0,4,1,1
BAZ,POR,22.0,1,1,1
BAZ,SGAC,64.0,3,1,1
BAZ,SYL,43.0,4,1,1
BDMJ,PNP,24.0,3,0,1
BDSW,SDS,10.0,1,1,1
BDSW,BUGL,5.0,1,1,1
BDW,NSD,19.0,2,1,1
BDW,BJNR,22.0,2,1,1
BDWL,RJS,13.0,3,1,1
BDWL,SOG,18.0,3,1,1
BEDM,BINR,13.0,4,1,1
BEDM,DEEG,12.0,4,1,1
BEHJ,DEEG,6.0,2,0,1
BER,MJ,88.0,30,1,1
BER,FA,154.0,4,1,1
BER,SOD,66.0,10,1,1
BER,SEU,13.0,7,1,1
BER,HP,34.0,2,1,1
BER,BNGM,5.0,1,1,1
BGKT,LUNI,28.0,12,1,1
BGKT,JU,3.0,23,1,1
BGKT,SMR,77.0,6,1,1
BGKT,PMY,69.0,6,1,1
BHL,BJNR,67.0,29,1,1
BHL,CNA,46.0,23,1,1
BHL,COR,54.0,32,1,1
BHL,NSD,108.0,4,1,1
BHL,MDL,11.0,6,1,1
BHL,RLR,34.0,2,1,1
BHL,GGR,32.0,2,1,1
BHL,HMG,18.0,2,1,1
BHT,MHUL,4.0,2,0,1
BHT,KBKN,6.0,2,0,1
BHWA,DNRP,22.0,4,1,1
BHWA,SJS,31.0,4,1,0
BINR,DEEG,24.0,4,1,1
BINR,GVH,12.0,6,1,1
BINR,JREA,6.0,2,1,0
BIQ,NGLT,6.0,2,1,1
BIQ,DXK,6.0,2,1,0
BIWK,NMH,9.0,2,1,0
BIWK,JWO,7.0,2,1,1
BJNR,NSD,42.0,25,1,1
BJNR,GBP,3.0,2,1,1
BJNR,RLR,33.0,2,1,1
BJNR,MDL,56.0,4,1,1
BJRA,BW,5.0,1,1,1
BJRA,KPO,4.0,1,1,1
BJWS,GRKA,5.0,2,0,1
BKC,OSN,15.0,1,1,1
BKC,HRLI,9.0,1,1,0
BKI,GADJ,85.0,16,1,1
BKI,MURD,32.0,16,1,1
BKI,DO,30.0,56,1,1
BKI,RHG,24.0,14,1,1
BKI,JP,91.0,8,1,1
BKI,BTE,97.0,12,1,1
BKI,BU,13.0,8,1,0
BKI,GLNA,7.0,2,1,1
BKI,SHGN,10.0,1,1,1
BKI,KL,52.0,2,1,1
BKN,SDGH,73.0,14,1,1
BKN,NPS,27.0,12,1,1
BKN,LGH,4.0,30,1,1
BKN,DSO,33.0,14,1,1
BKN,NGO,117.0,6,1,1
BKN,NOK,65.0,34,1,1
BKN,SOG,181.0,6,1,1
BKWA,PJK,6.0,1,1,1
BKWA,KTPK,4.0,1,1,1
BLDI,RNV,70.0,10,0,1
BLDI,LW,10.0,2,0,1
BLDI,JSI,10.0,2,0,1
BLO,CAG,12.0,2,1,1
BLO,MTPC,10.0,2,1,1
BLT,SMR,33.0,16,1,1
BLT,BME,96.0,4,1,1
BLT,BUT,50.0,14,1,1
BLT,LUNI,82.0,2,1,1
BME,BUT,46.0,8,1,1
BME,UTL,11.0,6,1,1
BMK,DABN,10.0,1,0,1
BMNL,JDL,8.0,1,1,1
BMNL,DHRR,7.0,1,1,1
BNDI,PSLI,7.0,2,1,1
BNDI,MLGH,15.0,2,1,1
BNGM,KRW,10.0,1,1,1
BNLW,CKB,43.0,2,1,1
BNLW,DPA,59.0,24,1,1
BNLW,SWM,65.0,16,1,1
BNLW,ISA,26.0,10,1,1
BNLW,CHNN,13.0,4,1,1
BNLW,SRAS,16.0,4,1,1
BNLW,SNGN,54.0,4,1,1
BNO,RKB,13.0,2,1,1
BNO,JWL,8.0,2,1,1
BNO,JUCT,7.0,2,1,1
BNW,SUI,9.0,3,0,1
BNW,DZL,7.0,2,0,1
BOBS,JOB,7.0,2,1,1
BOBS,DNK,11.0,3,1,1
BOBS,DHND,12.0,1,1,1
BOW,BSRL,11.0,2,1,1
BOW,MKN,6.0,2,1,1
BQN,SOD,5.0,1,1,1
BQN,CNL,10.0,1,1,1
BR,NGLT,6.0,2,1,1
BRRG,PFR,30.0,18,1,0
BRRG,RTA,77.0,16,1,0
BRRG,KHRJ,53.0,2,1,0
BRRG,CBK,30.0,14,1,0
BRRG,SFY,88.0,12,1,0
BRRG,MKC,117.0,4,1,0
BRRG,GUNA,97.0,2,1,0
BSJ,FAN,12.0,2,1,1
BSJ,KIN,11.0,2,1,1
BSKO,JHIR,6.0,2,1,1
BSKO,JW,4.0,2,1,1
BSRL,GCH,12.0,2,1,1
BSSL,COR,26.0,2,1,1
BSSL,PSLI,15.0,6,1,1
BSSL,CNA,19.0,4,1,1
BTE,BXN,41.0,24,1,1
BTE,MTJ,34.0,71,1,0
BTE,NBI,28.0,18,1,1
BTE,JP,187.0,15,1,1
BTE,SWM,182.0,20,1,1
BTE,NZM,167.0,2,1,0
BTE,HK,12.0,1,1,0
BTE,NHB,7.0,1,1,0
BTE,HAN,75.0,8,1,1
BTE,GGC,119.0,10,1,1
BTE,DO,126.0,2,1,1
BTE,KOTA,291.0,1,1,1
BTI,HMH,93.0,2,0,1
BU,RHG,12.0,8,0,1
BU,GLNA,6.0,2,0,1
BU,SRRG,6.0,2,0,1
BUB,CUR,12.0,2,1,1
BUB,FPS,31.0,2,1,1
BUDA,KPO,3.0,1,1,1
BUDA,MURD,5.0,1,1,1
BUDI,KOTA,38.0,16,1,1
BUDI,MLGH,68.0,5,1,1
BUDI,CNA,124.0,10,1,1
BUDI,SMPA,47.0,2,1,1
BUDI,SNAR,10.0,2,1,1
BUDI,THEA,14.0,2,1,1
BUDI,SGAC,38.0,1,1,1
BUGL,DPK,3.0,1,1,1
BUT,UTL,35.0,6,1,1
BW,SHGN,5.0,1,1,1
BWC,SGNR,15.0,2,1,1
BWC,FSW,8.0,1,1,1
BWC,SDS,14.0,1,1,1
BWK,SUI,9.0,3,0,1
BWL,HSI,24.0,2,0,1
BWL,MJNL,6.0,2,0,1
BWL,KRH,32.0,2,0,1
BWM,GOH,23.0,8,1,1
BWM,RMA,28.0,31,1,1
BWM,VMA,85.0,4,1,0
BWM,KOTA,101.0,18,1,1
BWM,SGZ,34.0,20,1,1
BWM,SVA,46.0,2,1,1
BWM,NAD,125.0,11,1,0
BWM,JHW,17.0,4,1,1
BWM,RTM,166.0,8,1,0
BWS,NGO,14.0,2,1,1
BWS,NOK,37.0,2,1,1
BXN,HAN,33.0,30,1,1
BXN,SMVJ,43.0,2,1,0
BXN,GGC,77.0,16,1,1
BXN,SWM,140.0,2,1,1
BXN,FSP,19.0,6,1,1
BXN,RBS,34.0,12,1,1
BXN,KOTA,249.0,2,1,1
BXN,FTS,48.0,1,1,0
CAG,RTA,39.0,10,1,0
CAG,SYL,16.0,8,1,1
CAG,GUNA,60.0,2,1,0
CHNN,CKS,10.0,4,1,1
CKB,SWM,22.0,12,1,1
CKB,ISA,17.0,10,1,1
CKB,SURL,9.0,4,1,1
CKB,DPZ,11.0,4,1,1
CKD,FGH,7.0,2,0,1
CKS,SAS,13.0,4,1,1
CMU,SVA,16.0,14,0,1
CMU,SGZ,29.0,6,0,1
CNA,MVJ,74.0,14,1,1
CNA,KOTA,162.0,4,1,1
CNA,GGR,14.0,2,1,1
CNA,COR,8.0,6,1,1
CNA,KIN,37.0,6,1,1
CNA,MLGH,56.0,1,1,1
CNL,GRI,10.0,1,1,1
COM,GND,11.0,4,1,1
COM,DKBJ,25.0,10,1,1
COM,RGS,28.0,6,1,1
COR,NBH,29.0,17,1,1
COR,MLGH,64.0,2,1,1
COR,KIN,35.0,11,1,1
COR,SMP,11.0,4,1,1
COR,NMH,56.0,22,1,0
COR,MVJ,72.0,6,1,1
COR,GGR,22.0,2,1,1
COR,UDZ,114.0,2,1,1
COR,FAN,58.0,2,1,1
CRWA,JJN,29.0,10,1,1
CRWA,SRGH,12.0,8,1,1
CRWA,LHU,29.0,6,1,0
CRWA,RSH,15.0,4,1,1
CTKT,DIA,36.0,18,1,1
CTKT,DNA,30.0,18,1,1
CUR,SDLP,58.0,44,1,1
CUR,RTGH,42.0,44,1,1
CUR,FPS,44.0,8,1,1
CUR,RSWT,24.0,2,1,1
CUR,SIKR,91.0,4,1,1
DABN,MBY,19.0,2,1,0
DABN,SGRA,11.0,3,1,1
DARA,RMA,24.0,2,1,1
DARA,DKNT,39.0,4,1,1
DARA,MKX,15.0,2,1,1
DBI,PGK,13.0,3,1,1
DBI,HMH,13.0,3,1,1
DBLA,NNL,26.0,4,1,0
DBLA,NMK,24.0,5,1,1
DBLA,NIP,11.0,1,1,1
DEC,PNP,95.0,2,0,1
DEE,PNP,91.0,2,0,1
DEEG,GDO,15.0,6,1,0
DEOR,DKW,7.0,2,0,1
DEOR,MITA,10.0,2,0,1
DGW,RHG,9.0,2,1,1
DGW,MKH,8.0,2,1,1
DHND,HDA,5.0,1,1,1
DHR,MTPC,5.0,2,1,1
DHR,RTA,12.0,2,1,0
DHRR,DLC,9.0,1,1,1
DIA,LAU,31.0,18,1,1
DING,MHUL,7.0,2,0,1
DISA,LW,8.0,2,0,1
DKBJ,JP,4.0,14,1,1
DKBJ,RGS,54.0,4,1,1
DKNT,KOTA,9.0,8,1,1
DKNT,MKX,53.0,2,1,1
DKNT,RMA,63.0,2,1,1
DKW,JSI,9.0,2,1,1
DLC,LKS,13.0,1,1,1
DLI,PNP,88.0,1,0,1
DNA,MKN,44.0,56,1,1
DNA,MTD,45.0,46,1,1
DNA,REN,28.0,20,1,1
DNA,GCH,14.0,6,1,1
DNA,NGO,102.0,10,1,1
DNA,JAC,13.0,2,1,1
DNA,JU,149.0,2,1,1
DNK,KKU,10.0,2,1,1
DNK,JP,19.0,7,1,1
DNK,FL,36.0,6,1,1
DNRP,SES,31.0,4,1,1
DNRP,SJS,53.0,2,1,0
DNRP,RDD,17.0,4,1,1
DNRP,LSD,42.0,2,1,0
DO,GTJT,50.0,18,1,1
DO,GADJ,55.0,38,1,1
DO,JW,12.0,2,1,1
DO,JP,61.0,10,1,1
DO,KWP,45.0,2,1,1
DOB,NWH,11.0,8,1,1
DOB,JJN,26.0,7,1,1
DOB,NUA,15.0,1,1,1
DOR,SMR,23.0,8,1,1
DOR,LUNI,26.0,8,1,1
DOZ,SDH,8.0,1,1,1
DPA,JP,7.0,66,1,1
DPA,SWM,124.0,34,1,1
DPA,SNGN,5.0,8,1,1
DPK,HLW,6.0,1,1,1
DPK,HMH,20.0,3,1,1
DPK,SDS,18.0,3,1,1
DPLN,NHR,11.0,2,1,1
DPLN,GAMI,15.0,2,1,1
DPZ,SWM,11.0,4,1,1
DQN,RNV,35.0,12,0,1
DQN,MBNL,67.0,2,0,1
DRS,MJ,9.0,1,1,1
DRS,SOD,12.0,1,1,1
DSJ,PNP,100.0,1,0,1
DSO,NOK,32.0,14,1,1
DTF,GOS,6.0,1,1,1
DTF,KL,6.0,1,1,1
DTRA,SK,7.0,1,1,1
DTRA,NRI,5.0,1,1,1
DTRD,KLYT,17.0,1,1,1
DTRD,NKRA,22.0,1,1,1
DXD,KOTA,16.0,2,1,1
DXK,RBS,7.0,2,0,1
DZL,MHU,7.0,2,1,0
ENB,HMO,37.0,2,1,1
ENB,NHR,31.0,8,1,1
ENB,TLI,10.0,2,1,1
ENB,KNNA,12.0,2,1,0
ENB,HMH,42.0,4,1,1
ENB,TIBI,20.0,2,1,1
FA,RANI,14.0,36,1,1
FA,JWB,17.0,28,1,1
FA,PMY,97.0,2,1,1
FA,MJ,67.0,46,1,1
FA,PDWA,55.0,20,1,0
FA,NANA,38.0,2,1,1
FAN,MVJ,14.0,13,1,1
FAN,KIN,23.0,9,1,1
FGH,MHU,6.0,2,1,0
FL,KSG,54.0,58,1,1
FL,RGS,67.0,13,1,1
FL,JP,55.0,75,1,1
FL,SBR,7.0,16,1,1
FL,KKU,46.0,4,1,1
FL,JOB,18.0,10,1,1
FL,RNW,35.0,6,1,1
FL,NAC,35.0,10,1,1
FL,NRI,10.0,11,1,1
FL,KMNC,51.0,4,1,1
FL,HDA,8.0,5,1,1
FL,MKN,64.0,12,1,1
FLD,MJ,25.0,2,1,1
FLD,KBK,22.0,2,1,1
FPS,SIKR,47.0,2,1,1
FPS,LNH,20.0,10,1,1
FPS,RSWT,19.0,2,1,1
FSP,HAN,14.0,6,1,1
FSW,SDS,6.0,1,1,1
FTH,SGNR,15.0,2,1,1
FTH,HMK,11.0,2,1,1
FTH,ORKI,5.0,1,1,1
FTH,MOPR,10.0,1,1,1
FTS,RBS,14.0,12,0,1
FTS,SNPR,6.0,2,0,1
GA,NAC,19.0,2,1,1
GA,SBR,8.0,2,1,1
GADJ,JP,5.0,74,1,1
GADJ,GTJT,5.0,18,1,1
GAL,KRH,7.0,2,1,1
GAL,PSL,6.0,2,1,1
GAMI,NHR,26.0,4,1,1
GAMI,TSD,14.0,6,1,1
GBP,MDL,53.0,2,1,1
GCH,MKN,30.0,4,1,1
GEK,LR,6.0,1,1,1
GEK,KSG,6.0,1,1,1
GGC,SWM,63.0,62,1,1
GGC,SMVJ,35.0,16,1,0
GGC,HAN,45.0,26,1,1
GGC,MTJ,153.0,4,1,0
GGC,KOTA,172.0,14,1,1
GGC,NNW,17.0,6,1,1
GGC,PDZ,21.0,4,1,1
GGC,LRU,7.0,2,1,1
GGN,JP,276.0,2,0,1
GGR,HMG,14.0,2,1,1
GHNA,PNP,40.0,4,0,1
GJN,NAL,19.0,1,1,1
GJN,KLYT,15.0,1,1,1
GJS,SRW,20.0,6,1,1
GJS,RSNR,14.0,6,1,1
GLTA,KSG,18.0,1,1,1
GLTA,SALI,7.0,1,1,1
GND,RGS,18.0,4,1,1
GNU,PNP,30.0,1,0,1
GOH,SGZ,11.0,8,1,1
GOS,MURD,7.0,1,1,1
GOTN,MTD,20.0,46,1,1
GOTN,RKB,81.0,11,1,1
GOTN,KXG,7.0,4,1,1
GOTN,JU,84.0,23,1,1
GOTN,PPR,37.0,8,1,1
GRA,PNP,16.0,7,0,1
GRF,NBH,8.0,2,1,1
GRF,SMP,9.0,2,1,1
GRI,HP,8.0,1,1,1
GRKA,KNNK,4.0,2,1,0
GTJT,JP,11.0,2,1,1
GTJT,KWP,6.0,2,1,1
GUNA,SGAC,182.0,2,0,1
GVH,JBS,11.0,2,1,1
GVH,JREA,6.0,2,1,0
GVH,RAH,20.0,2,1,1
GZKA,OTD,7.0,2,1,1
HAN,SMVJ,10.0,18,1,0
HDA,JOB,10.0,4,1,1
HKL,MLG,12.0,2,1,0
HKL,NMH,13.0,2,1,0
HLW,JRKN,6.0,1,1,1
HMH,SGRA,27.0,12,1,1
HMH,SDS,37.0,8,1,1
HMH,HMO,6.0,6,1,1
HMH,PGK,25.0,12,1,1
HMH,JRKN,8.0,1,1,1
HMH,MNSR,11.0,2,1,1
HMH,MBY,57.0,2,1,0
HMH,SGNR,67.0,2,1,1
HMH,SOG,49.0,4,1,1
HMH,NAWN,7.0,1,1,1
HMK,PJK,13.0,2,1,1
HMK,KTPK,4.0,1,1,1
HMK,ORKI,5.0,1,1,1
HMO,TIBI,17.0,4,1,1
HNS,MAYR,8.0,3,0,1
HP,SOD,33.0,4,1,1
HP,SEU,20.0,2,1,1
HR,SDLP,14.0,2,1,1
HR,RMB,15.0,2,1,1
HRLI,MWT,20.0,1,0,1
HSI,KRH,8.0,6,1,1
HSI,KNAR,6.0,2,1,1
HSR,SDLP,70.0,20,0,1
HSR,NKN,10.0,2,0,1
HSR,SWNI,30.0,6,0,1
IDG,LKE,11.0,18,1,1
IDG,SWM,36.0,26,1,1
IDG,KOTA,71.0,12,1,1
IRA,PNP,19.0,2,0,1
ISA,SRAS,10.0,4,1,1
ISA,SURL,9.0,4,1,1
JAC,REN,15.0,2,1,1
JBS,RAH,9.0,2,1,1
JCH,SBLT,21.0,1,1,1
JCH,THM,23.0,1,1,1
JDL,JMS,13.0,1,1,1
JES,RSNR,30.0,6,1,1
JES,SOG,26.0,6,1,1
JHW,RMA,11.0,4,1,1
JJN,SIKR,64.0,2,1,1
JJN,LHU,58.0,2,1,0
JJN,NWH,37.0,6,1,1
JJN,NUA,12.0,1,1,1
JJN,RSH,14.0,4,1,1
JKHI,NKN,6.0,2,0,1
JLWC,RMA,26.0,2,0,1
JMS,KNSR,14.0,1,1,1
JNRI,URML,7.0,2,1,1
JNRI,SNAR,23.0,2,1,1
JOB,JP,37.0,10,1,1
JOB,KKU,28.0,2,1,1
JOR,MKSR,33.0,24,1,1
JOR,MON,34.0,24,1,1
JP,SWM,131.0,9,1,1
JP,KSG,109.0,38,1,1
JP,NRI,65.0,2,1,1
JP,RGS,57.0,14,1,1
JP,NAC,90.0,4,1,1
JP,MKN,120.0,6,1,1
JP,KKU,9.0,8,1,1
JP,KMNC,106.0,10,1,1
JP,JU,313.0,2,1,1
JP,KWP,16.0,3,1,1
JSKA,TNJR,3.0,4,0,1
JSM,POK,106.0,9,1,1
JSM,THM,20.0,1,1,1
JU,MTD,104.0,36,1,1
JU,SMR,80.0,6,1,1
JU,PMY,73.0,18,1,1
JU,RKB,3.0,25,1,1
JU,LUNI,32.0,28,1,1
JU,OSN,64.0,2,1,1
JU,PPR,47.0,11,1,1
JU,PLCJ,137.0,2,1,1
JU,NGO,161.0,2,1,1
JU,MJ,104.0,2,1,1
JU,MMY,33.0,2,1,1
JUCT,RKB,6.0,2,1,1
JWB,PDWA,39.0,16,1,0
JWB,NANA,22.0,2,1,1
JWB,PMY,113.0,2,1,1
JWB,MJ,83.0,2,1,1
JWL,KSW,18.0,2,1,1
JWO,NBH,10.0,9,1,1
JWO,NMH,16.0,7,1,0
JYM,ZW,23.0,6,1,1
JYM,SES,21.0,6,1,1
KAWT,NMK,21.0,5,1,1
KAWT,SMPR,16.0,5,1,1
KESR,SGNR,25.0,6,1,1
KESR,SRW,23.0,6,1,1
KIN,MVJ,37.0,6,1,1
KJW,MTD,23.0,2,1,1
KJW,MDW,17.0,2,1,1
KKDE,PNP,68.0,6,0,1
KL,NBI,17.0,18,1,1
KL,MURD,19.0,16,1,1
KL,TBL,9.0,1,1,0
KLB,SNPR,6.0,2,0,1
KLWL,PJK,6.0,1,0,1
KLYT,PLCJ,112.0,4,1,1
KLYT,LGH,46.0,4,1,1
KMNC,NAC,16.0,26,1,1
KMNC,MKN,14.0,40,1,1
KNDP,PDZ,6.0,4,1,1
KNDP,SMVJ,7.0,4,1,0
KNL,RKK,9.0,2,0,1
KNNA,NHR,19.0,2,0,1
KNSR,LGH,12.0,1,1,1
KOTA,RTM,265.0,74,1,0
KOTA,SWM,108.0,125,1,1
KOTA,KPTN,13.0,12,1,1
KOTA,LKE,61.0,6,1,1
KOTA,NZM,457.0,20,1,0
KOTA,MTJ,324.0,8,1,0
KOTA,RMA,72.0,55,1,1
KOTA,KPZ,33.0,4,1,1
KOTA,SMVJ,206.0,4,1,0
KOTA,SGZ,133.0,6,1,1
KOTA,NAD,225.0,18,1,0
KOTA,NDLS,464.0,4,1,0
KOTA,THEA,24.0,2,1,1
KPTN,SWM,95.0,2,1,1
KPTN,KPZ,20.0,6,1,1
KPTN,LKE,48.0,4,1,1
KPZ,LKE,28.0,8,1,1
KPZ,LBN,19.0,2,1,1
KRH,RE,47.0,29,1,0
KRH,PSL,13.0,2,1,1
KRW,MLI,11.0,1,1,1
KSG,NRI,44.0,12,1,1
KSG,RNW,89.0,2,1,1
KSG,MDJN,19.0,2,1,1
KSW,PPR,6.0,2,1,1
KUN,PNP,34.0,41,0,1
KUT,KWP,6.0,2,1,1
KXG,UMED,11.0,4,1,1
LAU,SUJH,10.0,18,1,1
LBN,LKE,8.0,2,1,1
LGH,LKS,75.0,18,1,1
LGH,NAL,12.0,1,1,1
LGH,SOG,177.0,2,1,1
LGH,MHJ,115.0,2,1,1
LHU,SDLP,50.0,26,0,1
LHU,SRGH,17.0,8,0,1
LHU,RMB,21.0,6,0,1
LKE,SWM,47.0,4,1,1
LKE,SGAC,61.0,2,1,1
LKS,SOG,102.0,6,1,1
LKS,MHJ,40.0,12,1,1
LKS,NTZ,10.0,1,1,1
LNH,SIKR,27.0,10,1,1
LR,MDJN,7.0,1,1,1
LRU,NNW,10.0,2,1,1
LUNI,PMY,41.0,26,1,1
LUNI,SMR,49.0,8,1,1
MAAR,PLCJ,13.0,1,1,1
MAYR,STD,4.0,3,1,0
MBNL,MON,28.0,24,1,1
MBNL,RNV,32.0,22,1,1
MBT,PLCJ,11.0,1,1,1
MBT,MKHR,15.0,1,1,1
MBY,SGRA,30.0,12,0,1
MDB,MMC,5.0,1,1,1
MDB,MMY,24.0,1,1,1
MDW,NGO,18.0,8,1,1
MDW,MTD,39.0,6,1,1
MHJ,SOG,63.0,8,1,1
MHJ,MLC,18.0,1,1,1
MHRG,NDRT,14.0,2,0,1
MJ,PMY,31.0,46,1,1
MJ,RANI,52.0,28,1,1
MJ,SOD,21.0,16,1,1
MJ,SEU,74.0,3,1,1
MJ,SOS,28.0,6,1,1
MKH,RHG,17.0,4,1,1
MKH,MWW,8.0,2,1,1
MKHR,RDRA,21.0,1,1,1
MKN,NAC,30.0,4,1,1
MKSR,SMR,26.0,24,1,1
MKX,RMA,10.0,4,1,1
MLC,NTZ,11.0,1,1,1
MLGH,PSLI,22.0,4,1,1
MLGH,SMPA,21.0,4,1,1
MLI,SDH,10.0,1,1,1
MLZ,SWM,31.0,4,1,1
MLZ,NNW,16.0,2,1,1
MLZ,NMD,7.0,4,1,1
MLZ,MXL,11.0,2,1,1
MMC,RKB,2.0,1,1,1
MMY,TIW,10.0,3,1,1
MMY,RKB,31.0,2,1,1
MMY,OSN,31.0,2,1,1
MNSR,SGRA,15.0,3,1,1
MNSR,NAWN,5.0,1,1,1
MOPR,SGNR,6.0,1,1,1
MTD,REN,17.0,22,1,1
MTD,NGO,57.0,34,1,1
MTD,RKB,101.0,4,1,1
MTD,PPR,57.0,4,1,1
MTJ,SWM,216.0,6,0,1
MVJ,RPZ,38.0,33,1,1
MVJ,NDT,15.0,2,1,1
MVJ,UDZ,42.0,4,1,1
MWT,OSN,44.0,6,1,1
MWT,PLCJ,28.0,6,1,1
MWT,STSN,14.0,1,1,1
MXL,RNT,9.0,2,1,1
NAC,SBR,28.0,14,1,1
NAD,SGZ,91.0,20,0,1
NAD,RMA,153.0,8,0,1
NANA,PDWA,17.0,4,1,0
NBH,NMH,27.0,12,1,0
NBH,SMP,18.0,2,1,1
NBI,TBL,8.0,1,1,0
NBI,PPEA,10.0,1,1,0
NDLS,PNP,89.0,23,0,1
NDRT,NWN,5.0,2,1,1
NGO,NOK,52.0,46,1,1
NHR,TSD,40.0,4,1,1
NIP,NNL,15.0,1,1,0
NKRA,SIRD,20.0,1,1,1
NMD,NNW,10.0,4,1,1
NMK,SMPR,37.0,8,1,1
NMK,NNL,50.0,12,1,0
NMK,RGS,47.0,4,1,1
NNL,RGS,96.0,3,0,1
NNW,SWM,47.0,2,1,1
NPS,SDGH,46.0,4,1,1
NPS,SDF,23.0,8,1,1
NWH,SIKR,27.0,14,1,1
NWN,STNL,5.0,2,1,0
OCH,SBLT,22.0,1,1,1
OSN,RKB,62.0,2,1,1
OSN,TIW,21.0,3,1,1
OSN,PLCJ,73.0,2,1,1
OTD,RAH,11.0,2,1,1
PDWA,SRPJ,18.0,4,0,1
PGK,SOG,25.0,14,1,1
PIH,RTGH,20.0,2,1,1
PIH,SUJH,26.0,2,1,1
PLCJ,RDRA,47.0,11,1,1
PLCJ,STSN,14.0,1,1,1
PLSN,SIKR,27.0,10,1,1
PLSN,RGS,23.0,10,1,1
PNP,SMK,17.0,17,1,0
PNP,SNP,45.0,19,1,0
PNP,UMB,109.0,25,1,0
PNP,SZM,86.0,4,1,0
POK,RDRA,11.0,10,1,1
PPR,UMED,19.0,4,1,1
PPR,RKB,44.0,1,1,1
PT,TNJR,4.0,4,0,1
RANI,SOS,24.0,6,1,1
RDD,SES,15.0,4,1,1
RGS,SMPR,10.0,13,1,1
RGS,SIKR,50.0,20,1,1
RGS,RNW,32.0,8,1,1
RHG,SRRG,6.0,2,1,1
RJR,RTGH,17.0,18,1,1
RJR,SDGH,47.0,18,1,1
RKK,RMN,5.0,2,1,0
RMA,SGZ,61.0,18,1,1
RMB,SDLP,29.0,4,1,1
RMH,SOG,10.0,1,1,1
RNT,SWM,10.0,2,1,1
RPZ,UDZ,5.0,33,1,1
RSNR,SRW,34.0,4,1,1
RSNR,SOG,56.0,4,1,1
RTGH,SDGH,64.0,8,1,1
RTGH,SUJH,45.0,14,1,1
RTGH,TLC,32.0,2,1,1
RTM,SVA,119.0,2,0,1
RTM,SGZ,133.0,6,0,1
RWJ,SWM,15.0,4,1,1
SALI,SK,7.0,1,1,1
SAS,SNGN,17.0,4,1,1
SDF,SDGH,24.0,8,1,1
SDLP,TSD,65.0,6,1,1
SDLP,SDMK,36.0,4,1,1
SDLP,SWNI,41.0,6,1,1
SDS,SGNR,30.0,10,1,1
SES,ZW,44.0,2,1,1
SEU,SOD,53.0,2,1,1
SGAC,SWM,109.0,4,1,1
SGNR,SRW,47.0,4,1,1
SGZ,SVA,13.0,14,1,1
SGZ,VMA,52.0,6,1,0
SMPA,URML,7.0,2,1,1
SUJH,TLC,13.0,2,1,1
TIBI,TLI,10.0,2,1,1
UDZ,ZW,43.0,4,1,1
UDZ,UMRA,10.0,4,1,1
UMRA,ZW,33.0,4,1,1
